i,t,V(t)
1,0.5565293548188023,0.0
1,0.802632500338653,2.8880682386595957
1,1.013129016928536,2.7483786152587655
1,1.276360977442298,2.8326468121339814
1,1.386223792813715,3.523684318463535
1,1.4247557855266206,6.5481822681830035
1,1.6795734063315435,6.809147133279803
1,2.4526485677084064,6.182262473516159
1,4.172448925613606,4.669578394432657
1,5.045606737898458,4.46105006972772
1,5.4529898540486315,5.502796442175962
1,6.136089794069552,4.8345821263206314
1,8.640399731222075,3.0551076721510735
1,14.162419634562642,0.0
1,15.414260332681533,0.4380152640362045
2,0.41132981847074174,0.0
2,1.5116640423286776,0.0
2,1.6478765019569679,0.7556591154204544
2,4.732342276484014,0.0
2,4.850723619078184,2.2460023517065526
2,6.678018826901417,1.7456014072520827
2,7.419248955131156,3.4790570152887685
2,7.778916842247585,3.183844745433593
2,8.603092718516823,2.837149318900404
2,9.59449539570494,2.5214395362439803
2,11.590079757255094,1.071991081775127
2,14.219832714514338,0.0
2,14.913027012821797,0.0
3,0.38754514330391787,0.0
3,0.40617657187596573,0.42882426182156813
3,0.6339751814240073,0.43041300599511484
3,0.878076957983602,0.4228463295127466
3,1.3220136547433508,2.410584933148079
3,2.0789314509442924,2.0303426802622444
3,2.4097871211080175,3.3685088260660923
3,2.502814144253385,3.4405880029014417
3,3.7959883284897047,3.1972986846988483
3,4.0907088244297665,3.1044940388890216
3,5.001269072799701,4.156682330040162
3,5.172037119425395,4.074355557290574
3,5.395696717931955,4.241159245284134
3,6.477503800639179,3.669786978320799
3,6.705956240746948,7.979848799411557
3,7.856087242280068,7.96908609751282
3,8.078286237461189,8.958749035294574
3,10.20235046833684,7.829623371951954
3,10.679113114295589,8.59280190989518
3,10.867620316360828,9.996169489944336
3,11.020900676621743,10.598797189575802
3,15.468927022986167,6.392414793581345
4,0.2070411568624269,0.0
4,1.665064789422705,0.0
4,2.4673483153385463,0.0
4,3.314198482746424,0.0
4,8.010936532817365,0.0
4,8.533006768906054,1.829288048002903
4,9.711776007612183,1.7377755442998293
4,10.028837566432149,1.7770040067702957
4,11.629778588767063,0.5114173977262744
4,11.732535686891586,0.41186627326614866
4,14.208639792041907,0.0
4,14.275272029998543,0.8446716194588682
4,14.467204718420506,1.5215465049973398
4,14.860347114485943,1.2177953123249128
4,15.386333208716497,0.7839758483273229
4,15.912004739202443,0.3316621930857997
5,1.1740026217106558,0.0
5,1.5583364868391496,0.0
5,2.306385593445629,0.0
5,2.4294545008302726,0.07818981188817142
5,3.1506291791108247,0.0
5,6.77003374739495,0.0
5,9.258414249030926,1.284826832542171
5,10.649730873831919,4.220523179787078
5,10.732608908235942,4.875479658659019
5,13.587947974501235,3.039836059888878
5,15.796621005857089,2.110874016930402
6,1.181645222682606,0.0
6,1.5352179881092805,0.0
6,2.926675151151734,0.0
6,3.2366625317258912,1.4335878907968769
6,3.311853902474182,1.9862834508504017
6,3.722281739549265,1.9899233927527111
6,4.658681682819298,1.2282315038894849
6,4.73097603629497,3.370503460558014
6,5.015649718193148,3.8646222759198037
6,5.236585636616605,5.204811287315223
6,5.2496580242459565,5.292335595376995
6,7.496481560108184,3.481220775623216
6,9.00310091788831,3.014962843672767
6,9.494478997083062,2.709263679363449
6,9.999256099977025,2.7587392206649937
6,10.323284923157829,2.4522208292675884
6,11.397713625200566,2.575747948349985
6,11.759673678538459,7.094966206810911
6,14.914593428982291,4.730541408042568
6,15.058667636188632,5.478581658396407
7,0.2069611437107395,0.0
7,1.16499289353515,0.4679272353680959
7,1.333685558613537,0.9949808743668594
7,1.6914876666283447,0.7333174682179898
7,2.168455733406563,0.8633390358863868
7,2.8177742944029847,0.452709010496135
7,2.8873929875065962,0.4727238603499645
7,2.9060413874350113,2.5719997637251697
7,6.546844508293613,1.8109980245873283
7,7.038193886147745,1.5539187845385254
7,8.826549258761519,1.3567911245115258
7,9.975561345113329,0.2781481898889488
7,12.297270664055691,0.8927278599750625
7,13.576615684446061,1.1283066948006883
7,14.97900427950683,0.0
8,1.268608883982531,0.0
8,1.361860753337881,0.0
8,1.5472567821359053,0.0
8,2.218810426330022,2.9757391804717446
8,2.980554242629921,2.9338703627353575
8,3.3060372248931853,4.555450325390859
8,3.4512335095780236,7.146381856838542
8,4.86963559356845,7.73308783377686
8,5.2041040407553325,7.6199060665711595
8,5.312349445989663,7.707669381004161
8,5.595675699586342,8.268050624167245
8,8.106756495843085,7.613327234105562
8,10.270350873861561,5.682564881067037
8,10.699929131272054,5.2956276516553356
8,12.627813889902619,4.030049724685881
9,0.49657890665237603,0.0
9,0.5125608307174744,0.614799235676388
9,0.7107760792444833,2.9764974909904742
9,0.9549776339239208,4.313142203379673
9,1.8171744404391,4.051024721165641
9,2.10355246182534,3.8319139624908427
9,4.615942845693095,2.9420997079716926
9,5.5568939009694285,5.783037761478742
9,6.740760921098484,6.512738813918532
9,8.398796665543122,4.872546720734367
9,10.106644591618227,4.3163829291828115
9,10.271356896981953,4.895211937013683
9,13.193826206922722,2.330430503757843
9,14.554421358401278,1.1001524095553465
9,14.647612427992692,3.1424822665251404
9,15.370411264310542,2.7923580431909194
10,0.036556074875673986,0.0
10,0.2844257530794479,0.27883184558604907
10,0.31563192859800604,0.6473248387996762
10,0.3436106245515881,1.613430350745727
10,0.4215723038860082,2.2186057168502096
10,1.3599073382584703,1.7981761054923102
10,3.397017034530595,0.09788040674940524
10,3.5597294461785562,0.6725918926673655
10,3.8523191545011333,1.3402699650603336
10,3.8946077687598124,2.07273262295986
10,4.063645012256883,1.921701541768165
10,4.256264308837247,3.0916711238411554
10,4.445207049364207,4.484485265928404
10,4.578490429094158,4.4145317462491125
10,4.789251203106275,4.2425213754139985
10,7.393977632360723,2.439257947062403
10,7.567222966129444,4.281116605399589
10,8.22905990614548,3.648970623138846
10,8.871700750591659,3.1806329354732865
10,11.156086626671563,2.391933870572097
10,13.033022568396534,2.3178829683003026
10,13.82332706622596,2.4470325520607137
10,14.494787029906389,2.173997813215842
10,14.596052998849455,5.617078243244286
10,15.179146239048173,5.2450293771120755
10,15.686581294673152,5.1447546311165775
10,15.784719675392626,6.7819754335414135
11,0.2114083406570418,0.0
11,0.7585369407920474,0.0
11,0.785430885514599,0.08268780256497898
11,2.773144661573782,0.0
11,4.201932776461251,0.1341312533494099
11,4.4561559363712,0.6089248827719924
11,5.342238128151211,0.3580434333903
11,5.406058085767996,1.9012522878020945
11,5.478336014528531,4.930125744075698
11,5.6131850048768746,4.874535693072208
11,5.7789589477916055,6.293828388561111
11,5.9030880310644225,6.206567618276008
11,6.124965291063597,6.355253510042281
12,0.4456341329725136,0.0
12,1.132556057815847,0.0
12,1.418971411152277,1.0329677103852668
12,1.50430356591322,1.7557660521920946
12,2.8304315120784422,2.612074254604898
12,3.707473486065187,2.0160597319430162
12,4.547676437227381,2.3233009284276767
12,4.732741785638891,3.699091422175283
12,5.321770304600551,3.8337899920799807
12,6.302140531164669,5.990192129501446
12,6.419213733354076,6.252747625442681
12,6.43704334884247,6.275063928955706
12,6.89710883180912,6.17042553230327
12,7.0865559427895795,6.717769293314588
12,11.801554918896201,3.320789658740884
12,13.172804545896852,2.592879942344549
12,15.197160428428845,1.4559184236742602
12,15.536884318953057,1.2733320832990473
12,15.844623711051721,2.2426015844530056
13,0.20457983918670372,0.0
13,0.24150590871562777,0.5658741645977254
13,0.560500381757487,0.903043671519801
13,0.593779715408302,1.587128619210114
13,0.6723502090389251,3.863685236883054
13,1.8973181047791583,3.3631476354387217
13,2.50033717197811,3.662403741031019
13,2.7456155828075937,5.886649462711688
13,4.421660849994528,4.738471581276391
13,5.481197315794166,6.326204595176224
13,5.814645364761055,7.673091434553483
13,8.01110461716474,7.124815012097399
13,8.313206661122173,7.662479030883478
13,8.788021021959697,7.225991720483845
13,9.740703672979542,7.467503875519339
13,9.79498995160886,7.56357044945761
13,12.460533635069956,4.981013293724564
13,13.519954579624642,6.158714826083166
14,0.9770700964698631,0.0
14,4.103836925937527,0.0
14,5.226195484622276,0.0
14,7.48666156200059,0.0
14,8.977003074187191,0.0
14,11.139091214698155,0.0
14,11.352756711560662,0.20847763570162492
14,15.975274769180404,0.0
15,0.12050542587790447,0.0
15,0.4952885372642857,0.2317202533585554
15,0.5196625430719879,0.6389408484990287
15,0.7340485429517922,0.7834135723897432
15,2.1325663154189582,0.0
15,2.5704419726821355,0.7757569422434196
15,3.322621354876035,0.6977255054013684
15,3.717161536879626,3.094347063875071
15,5.611260663250525,1.5679630760911996
15,5.998314810516819,1.5711689031776692
15,9.144027414091337,0.0
15,12.61374968490657,0.0
15,12.91887801449279,0.0
15,13.096436038814772,1.4058422755154183
15,15.426893176123011,0.0
16,0.2221124833179503,0.0
16,4.8296276172290185,0.0
16,5.231561154196629,0.0
16,5.325015665372275,0.12264579208858883
16,5.505920087633686,2.0128321412781274
16,6.22846256238164,2.2197227326128957
16,11.874227770464604,0.0
17,0.053093263709830085,0.0
17,0.43161679402831876,0.972335312720996
17,1.1636334075322239,2.8360044970664386
17,2.845430670637827,1.262307542626603
17,2.951877780791334,1.9340337645478536
17,3.4273721751114374,2.175851556252445
17,3.695921503251911,3.102771530012093
17,4.717660699408874,3.2394801029733626
17,5.033876424921191,5.683994111886971
17,5.19058772846545,5.991636513793747
17,5.457416905107778,6.41485669436648
17,7.567710111906276,5.384093982230577
17,9.141250717936737,4.337619533196185
17,9.816230872067889,4.916257526226695
17,12.618146003870065,4.03192168146796
17,13.28075591032129,3.4700233998283703
17,13.47710795328624,3.482256447099231
17,15.069152628360502,4.21553913761759
18,0.00030074799039398343,0.0
18,0.5473142916618102,0.0
18,3.30426887354085,0.0
18,3.7410875724779604,1.27166162820573
18,3.9835883174842115,4.697848959291081
18,4.8694659110901215,3.826429478052451
18,5.027042089863088,4.78745987919832
18,5.947150451286774,4.029176678424674
18,5.951078761263227,6.521750101329626
18,6.498963824113211,8.488811387923684
18,7.873591451426405,8.800244815358857
18,10.600207388108544,7.75061086399258
18,10.767082423021739,8.597574409519938
18,10.916242064501725,8.789229653353921
18,12.739384440681706,7.690870027354363
18,13.39318467430643,9.11571554784209
18,15.038542978418867,8.065274944487548
19,0.6939233349115036,0.0
19,1.3269134104233293,0.8081136177566193
19,1.4626227865394967,1.040320830947323
19,1.694108049168874,0.8738025364777575
19,2.5179667980195077,0.41517798638933456
19,4.1309665770789605,0.0
19,4.4238232045153,0.7940187810192842
19,4.565197818982858,1.6191250345660988
19,5.775117045848108,1.5297827975236176
19,5.891796941489624,3.626518515860978
19,6.529693357071682,3.294196936125311
19,15.271097055548497,0.0
20,0.09720191673125204,0.0
20,0.4967447686141787,0.0
20,2.631093755382171,0.0
20,5.389490682430598,0.0
20,8.689141945790983,0.0
20,9.21858428498325,0.3026252678164063
20,10.142690357633299,2.2484766086718793
20,10.518554180173336,2.505656029170604
20,13.453786068512303,1.8476852706520166
20,15.924715072609096,0.0
21,0.30640463416537894,0.0
21,2.294193195560349,0.0
21,3.4424031612292922,0.020816078600333743
21,3.835928695461355,0.0
21,3.8444236183104414,1.7514019586153888
21,4.144937186005157,2.0212976351462704
21,6.012010256956618,2.56936523816896
21,6.872703030708537,1.9377324099474351
21,7.755829530439615,3.6109669447022203
21,8.509486934241203,3.1516036529743134
21,9.633484272026474,2.2509961713613253
21,11.098127262445702,0.911539037561277
21,11.462104654880351,0.7689846591012699
21,13.70264836128124,0.6790884549315095
21,14.84871150858808,0.5134210886231401
21,14.963348768639118,0.7102913253863647
21,15.756296535703028,0.7747083639664272
22,0.041415510808974564,0.0
22,0.04725976967963004,0.1914859514798536
22,0.24358989603535564,0.8528883472177432
22,0.8945173415153055,1.5547658917658036
22,1.1673365520388839,1.561813912179868
22,2.0002869539134753,3.3955598020594606
22,3.332584206283437,2.579746325377073
22,3.548759726887538,2.6991511555211174
22,3.605393043818227,4.24881805473899
22,3.64294070837303,4.727581483624482
22,4.056503937331462,5.3324819715672485
22,4.711093832399593,6.561036453425318
22,7.308211787612589,4.685063695004845
22,7.494782973183786,5.449075999057649
22,7.73134734767032,5.965915977598198
22,7.900561831006751,6.362702179706311
22,9.575265943178067,4.778650283854896
22,10.045503503399795,6.411628442225506
22,11.555516893180673,5.082074763077923
22,14.519280332796901,2.1387898406139194
22,14.947438434664786,1.9729444417000856
22,15.119798881948352,3.5221944130929144
22,15.394697572072277,3.617022607168175
23,0.07089242730200493,0.0
23,2.569757682472122,0.0
23,2.9881873384978244,0.0
23,3.3116491361072087,1.0073875350050119
23,3.6030931319789024,3.3959060578667093
23,3.9671796953951195,9.16058370806407
23,4.036743048411893,11.15960303267783
23,4.219829354378847,12.635238927598921
23,4.718751447976391,12.413472305082408
23,4.82869034495052,12.904394463166348
23,4.935683437284465,13.43932118347071
23,7.335083503161095,11.26294598600147
23,15.856693041346187,3.5150254010430944
23,15.935864127926722,4.560498775158784
24,0.09491312665545254,0.0
24,0.12736554624058877,0.3033430705325634
24,0.5293186031607349,0.0
24,1.0235499849662322,0.5770517565299724
24,1.1100417221319492,1.0593708555256183
24,1.5243832429135502,1.1763196476156497
24,1.6329007469075412,2.571175824317761
24,2.989456709285894,1.402786626270482
24,3.0147881178765195,1.4161939027454684
24,4.209413973277723,1.3957308184373423
24,4.830483887956818,1.2655295169047527
24,5.020285917875588,2.5317792399266605
24,5.064380984722186,2.814363803717991
24,5.603963730272539,2.353778524857392
24,6.776959739458244,3.032826061978996
24,10.208058569402283,0.31810767593053413
24,11.163235211888537,0.593361773133207
24,11.503401210649061,0.5251654821712997
24,13.7878807140417,0.36372571000565124
24,14.108697104734494,1.4863713642894287
24,14.775055171307182,1.1403922324751152
24,14.851976180612331,1.7785887581042268
25,0.6483171776906334,0.0
25,0.8205236583657763,0.1621520247560041
25,0.8649029863190314,2.1773790808692697
25,1.0842890452433867,4.536131000094757
25,1.4669996260236302,4.415674566484529
25,1.580433647394301,8.105515448509214
25,1.6122394794025938,11.583467399554648
25,1.6699409735989992,11.739458940930529
25,2.5047528231201523,12.238246762256823
25,4.613647738702158,11.066558941084361
25,6.207602149938362,9.745813691300835
25,6.715524207834401,12.208226511602554
25,10.678158360181706,8.821977887169712
25,14.507852103168396,5.238744341213843
25,15.2722569599337,6.143012544012985
26,0.7680605972069308,0.0
26,1.294942922557007,0.10971086995284529
26,1.3103855687409744,1.8072461657113812
26,1.457893446702493,1.9522452163511221
26,1.8587001227184565,1.6096018946047699
26,2.0803855551051886,1.401578933454469
26,2.255411622124258,4.736117584917754
26,2.5256891920456495,5.22175993338141
26,3.4527390943448837,4.417611031434879
26,4.212693831089208,4.83421128476842
26,4.732596976459241,7.0419534075223105
26,4.741627364846839,8.33494666606202
26,5.610738680896372,7.577523212534488
26,12.916786908328682,0.4389970861902762
26,13.214813658067143,0.33050694573117756
26,13.489974116361097,0.6876642404022988
26,13.719644000632549,1.4428472042457046
26,15.701314115740177,0.47080972757168915
27,0.7679993638625435,0.0
27,1.1676625236729863,0.9261177536014937
27,1.6646344933807316,0.8156159153678881
27,2.3563106188074485,2.0865785749806944
27,2.584862035195338,2.117098747059845
27,2.7545625366879607,3.4549801533429605
27,3.084689236255885,3.902150717683642
27,3.1620875778703126,3.863782091383251
27,3.3825769642933508,5.410558975268685
27,3.8564395473552717,5.3382587594801105
27,4.449446566687517,5.2905675172228
27,6.385631996493464,3.9845301282692054
27,6.72819838103384,6.451183284254867
27,7.335420281662756,6.158720566234032
27,7.576768608727317,7.279103945025615
27,9.53275233015464,5.419149620018712
27,14.75509645978255,0.7836735235587868
28,0.29656907241599767,0.0
28,4.221055889287945,0.0
28,4.221290781314906,0.8877983774665212
28,4.610760483114612,0.525136545294039
28,4.868094303203548,1.3509966301593028
28,5.677707868795973,1.7057923081477717
28,6.238269373377785,2.0440554970632983
28,7.764076963153094,0.5709358182604423
28,8.12020617979149,0.7870220106641157
28,8.679177028253727,5.7411122499403815
28,8.843464396084492,6.45149511600709
28,10.69814913357195,5.3221503980774125
28,10.93347637355239,5.783542684288928
28,11.344102165927488,7.348110946301888
28,11.402626913102763,7.9224068288334335
28,11.589956475576052,9.047028814572803
28,15.783782529932298,8.958827243194111
29,0.7088544268230565,0.0
29,1.3796469566192826,0.88845913211162
29,1.5288913791141368,0.7805124648214105
29,2.356758647047826,2.4060922347574802
29,2.4365421135477754,3.0360405927828644
29,2.668022543583905,4.479963494358044
29,3.6725533583590315,4.683482653508125
29,4.706153625470414,3.8868184472305223
29,7.275031249459755,1.9672934847559445
29,7.367382602829535,2.2232504608500285
29,7.783135905465736,3.49375152581048
29,7.9645993996694795,3.8850555782070204
29,9.269972180422185,3.46902560459472
29,9.377922346771648,3.4493894096159385
29,11.953442902082852,0.8798456826827208
30,0.42852126099356486,0.0
30,0.4981915718673224,0.6504820140458367
30,1.1578272581658193,0.037375044015179215
30,1.621655815413929,0.0
30,2.1097556515321676,0.0
30,3.7013212967382016,0.0
30,4.442894402873735,1.2010626889969025
30,5.514874356724507,0.6007950440150347
30,5.654690235564371,1.2106993271785726
30,6.14384275094375,1.4018746736727592
30,6.150290349495343,2.050736617528951
30,9.470390871924987,0.0
30,10.120276451034206,0.0
30,11.145604484317213,0.0
30,11.888239300219254,0.8964781010031846
30,11.966514603763699,0.8664267181201382
30,12.197278708085658,1.0785638346968476
30,12.356181173765291,2.749841343008863
30,13.062087901833213,2.195139303038636
30,13.296023684152892,2.299050783455823
30,15.508839886187685,1.4046861136975888
31,0.46421475309025384,0.0
31,0.5804949873659357,1.111876058757893
31,0.9060327544248412,0.9783316382707912
31,2.836356673264163,0.0
31,3.078365310910737,0.23954922388029543
31,3.2408350321571646,1.3964081527634855
31,3.81232569018875,0.942752345582661
31,4.021134660368478,1.5981440865367045
31,4.398075229849727,2.4071174164697693
31,4.65069736123964,2.541879974195994
31,4.723855261042213,5.816139514271226
31,5.413156009112521,7.653869013687183
31,5.438255598201869,10.050784355209636
31,5.5933064021900165,9.945296592017234
31,5.718911425401997,10.611919689135963
31,7.221357907412259,9.147579001543452
31,7.638248738533982,9.604440744099053
31,14.399787561857103,4.4599798653764005
31,15.884908603807245,3.831944404283636
32,0.35964499469062505,0.0
32,1.2262137215872224,0.0
32,1.8128624697795939,0.19726317236045787
32,1.8846815294098398,1.5486040335267035
32,2.9274068688372177,1.530986646989927
32,3.203317429796734,1.2626306579616504
32,4.058303424409287,1.10390775624793
32,4.7340247418298755,1.0912490238950414
32,4.837787463753625,1.4342327233482908
32,5.623020413328104,3.277003850504952
32,6.610664902609832,6.659013073815729
32,6.729884575882616,8.386082513202282
32,8.098994979899906,7.118440796982932
32,8.352094418127084,6.951656055243088
32,13.898595976193404,3.1283851889455665
32,14.149765261637723,5.301872554865732
32,14.168461909747107,6.82101617817159
32,15.170020569200648,5.978344044151383
32,15.22542106579278,6.17996008308454
32,15.538161151524516,5.883335436926413
33,0.9014859509107892,0.0
33,6.236812783514823,0.0
33,7.560740123814299,0.0
33,7.662024429953056,0.0
33,8.340339923601567,0.0918952195822218
33,8.35365960854357,0.7640559008705264
33,8.80239466604495,0.78257873412064
33,8.935967913263031,2.6312590077934708
33,9.093218601136533,2.867340394615245
33,9.743810429683258,3.4476278178856186
33,9.813464642021541,4.008862883001627
33,10.102819619587942,3.9039659952481642
33,10.24487567769016,3.9361769124373147
34,0.29238172245030036,0.0
34,1.296805538132996,0.0
34,2.606745505662971,0.0
34,3.9037715310112118,0.0
34,4.1007937818607925,0.0
34,4.838716582778442,0.0
34,5.980423228673514,0.0
34,6.2851017044699695,0.09365504353919096
34,7.982641553457103,0.0
34,9.008835693910868,1.5907157228135667
34,9.493066290085821,2.4423081442396524
34,13.479500403372635,0.0
35,1.9468247131870446,0.0
35,2.505540296150949,0.0
35,2.9080636986675508,2.7217725540328956
35,3.230476052492477,3.488383828231929
35,3.3516988225433972,3.5209343120072356
35,4.908156273992061,2.377462190297061
35,5.171741063070619,2.190954548274158
35,5.263252583954471,3.363649884955412
35,5.38706459199536,3.8813946141050373
35,5.922012279013017,3.6433941360161795
35,7.05062726890066,2.5878074941089726
35,7.188740524985326,2.7297433582607304
35,9.085699850687847,0.8539237889679961
36,0.0716325784744472,0.0
36,0.22710411963730878,1.0357609971264774
36,1.7470213236913605,0.0
36,1.7485613973789693,1.2463525590345954
36,2.010946772130068,1.3642352374310776
36,2.0600924547306216,2.230884191201444
36,2.276431313257762,4.11157139984091
36,2.4992249018707287,5.444777776317016
36,3.0295112423899706,5.0961431742545455
36,3.1703097173550163,5.712537380502429
36,3.1865401669429683,5.753046318724117
36,3.7337270282180954,7.511984571821607
36,4.8907499088991235,6.361479867322122
36,6.772923343777505,5.24906443881224
36,13.337785569920387,0.0
36,13.640979434318087,0.017533136841322516
36,15.047782455429836,0.7003311262055387
36,15.493400271451478,5.26019964607095
37,0.18660501109663133,0.0
37,0.22117323774328954,1.0415730290239478
37,1.6632663366142206,1.4818592210099264
37,2.2679278121765893,1.5867588484816522
37,3.67540732239703,2.192955291304277
37,3.771212101480517,2.3017856547966273
37,4.2833298940155835,2.3280230591980104
37,4.610626376111231,4.440054771682849
37,4.91815997616808,6.950286137575949
37,5.066664999112961,9.602506822190122
37,6.282629336715533,8.83946882564683
37,6.6587821247758106,9.516484637457353
37,9.394785805906599,7.12792966643646
37,11.153741607562479,6.958423267583403
37,11.300225458268597,7.951152318962915
37,14.467686468236122,5.581316756881829
37,15.340193473483449,5.785872227075247
37,15.716196254568045,5.426417357580964
38,0.33446119869367336,0.0
38,0.4104942855483411,0.2726246225391056
38,0.6860948900641626,0.11000289929425966
38,4.707107733397503,0.0
38,4.834129681394196,0.028680024656472014
38,5.147766140793986,0.0
38,5.210246665274426,0.5337358126307858
38,6.56936966586598,0.0
38,6.588408021512196,2.502615800708595
38,7.024717986670913,2.2651835871259958
38,7.554581907204944,2.2378303495813547
38,7.779279490208915,2.567017664999915
38,8.783460812991375,2.348146818095916
38,9.864256327152487,2.7897318237160826
38,10.171272039117737,3.124598646004358
38,10.30790165329193,3.5342377335462944
38,12.751008983604747,1.1433744100563865
38,14.300158810812599,0.9947421187721943
38,14.300182379350199,1.1008312797080275
39,0.1272937406294227,0.0
39,0.18922524801685137,0.548705178123332
39,0.705450324422333,2.0215921601551985
39,1.2550595315998392,1.4870181292587337
39,1.3267071511783721,1.844437516011066
39,1.4078031128995774,3.7815532597511554
39,1.4838929803496257,4.834668377462562
39,1.9032192740102858,5.073122413528899
39,1.9291415837017964,6.095081181839205
39,3.03949820930286,5.63860843855716
39,3.3097433426565326,5.533282910011298
39,3.418925192867737,5.4710487232719185
39,7.615950108456147,2.5937283368010653
39,7.866369656667908,2.6079875708881506
39,9.774686834558263,1.0102311106107993
39,10.389437035119613,1.399937239132706
39,11.361569074496643,3.4870485474712223
39,11.982418572287003,3.5607132865845443
39,12.266274766431167,3.296934312190351
39,12.746096255764659,3.9676065054807292
39,14.076485138587111,3.55381401485019
39,14.447237629400721,3.7319729994745097
39,14.682325580266484,3.518513899023786
39,15.079742313258961,3.4186797373564257
39,15.987673973564124,2.8753380380415425
40,0.8067283518516737,0.0
40,1.9473278475338938,0.0
40,2.0061542273786577,0.46196744852580807
40,2.6002367856723545,2.376910289697091
40,3.248341409435238,2.0466838907723672
40,3.3425871070781885,2.576681167152938
40,14.852672926242182,0.0
40,14.862300571846701,1.7404174260169167
40,14.897126701267364,4.629882738096868
40,15.346515366744262,4.868682313630155
40,15.450331600066333,5.2466196384417145
40,15.863846744399645,5.4029948996432395
41,0.44345730316881515,0.0
41,0.9383549087399934,0.9400482457804067
41,1.2754396310809915,4.267644132690359
41,2.2142596421831975,3.472736870666195
41,3.2864391093546494,3.4942375473133254
41,3.679220074788261,3.9624619119248843
41,4.064446497309978,4.204542739232662
41,4.3458166486902545,4.540656369779592
41,4.6918986727038074,4.414999132443352
41,6.070256345982177,4.631556129139424
41,6.1684716930664285,4.662906564271641
41,7.57799073734053,4.6533656829397625
41,8.503702381274792,4.152477144794007
41,9.229828521146214,3.8200475498978497
41,9.70403556420319,3.484935621141796
41,10.361115945032044,3.203240127468761
41,10.711545292491802,3.126381116486077
41,14.234494564418227,0.42729761127937316
41,14.358463154836285,0.7989141663842259
41,14.387674025316848,1.0182256815302226
41,15.804320827121261,0.0
42,0.2681069761896617,0.0
42,0.2878816920697705,1.462365643275516
42,1.6708626247841265,1.5737056770902798
42,2.0366673608044725,1.4114542287562863
42,2.496170211362395,1.0359824051966404
42,2.522722420842398,1.9919231660441428
42,2.7016415348519702,2.8268106487506506
42,2.718344440216905,5.213778841907629
42,3.0999092278411178,5.000840929106155
42,3.7991783611968533,6.924824909601636
42,3.9720055034838166,9.7094560603576
42,4.1825160153933085,9.741236018241118
42,7.393835201328132,6.836445595502597
42,7.510973200928713,6.803570868578024
42,8.005162524705367,6.8242236759183195
42,8.191362780034696,7.051521047520633
42,13.136026677715194,3.5937165897090058
42,14.03161204262398,3.0638429804637846
42,14.92527507195272,2.687663605339033
42,14.997200577950379,3.003172737672426
43,0.42999028298657566,0.0
43,1.4061136323585783,0.0
43,1.8024569109122892,0.0
43,2.7299246515773508,0.0
43,3.265893319872332,0.5219858802401656
43,3.3344734062818597,0.8203972089278261
43,3.5083000328137413,0.9731781664836615
43,3.7772511175660632,2.7548211427504037
43,3.902437686353235,2.692848230661833
43,4.794044261829571,3.698954618804251
43,6.018753724210386,3.7624172413118933
43,6.520405841874723,3.4766791281100042
43,7.676129038675551,4.55103573193866
43,8.126586029583562,5.346892995963547
43,9.034386260224995,4.796479999156783
43,9.551875043295253,5.831057397841194
43,10.132572073107148,5.666476177059681
43,10.994897009770588,4.864696854817109
43,14.024788390221978,2.4191099962697944
43,14.229617779795896,2.4821468749542506
44,1.075832403264547,0.0
44,1.5017783961944209,0.26559375817397335
44,1.638320864827628,0.49273403491755957
44,2.1998954797947134,0.7247619524362361
44,2.810456525754118,0.9063909225398434
44,3.1043166144990293,1.1270872502589713
44,3.1634703422658492,1.207235536100412
44,4.256252289539988,0.1811688861255442
44,5.898333576158574,0.08354090913587608
44,5.936791570250996,1.289747947416641
44,11.278969508235763,0.0
44,11.288472898592518,0.13891601853597813
44,12.616827266701483,0.0
44,14.052528567561312,0.0
44,14.488320298454434,0.437895075869978
45,1.2867261343156948,0.0
45,1.6564252359121716,0.0
45,1.9842341498668814,0.0
45,2.061094820770965,0.0
45,2.177193160559286,0.7732659503726174
45,3.12252857876545,1.8932352820425273
45,3.6560990715169503,1.5355900332998889
45,5.953083157101993,0.0
45,6.306651718701089,0.32147230439554786
45,6.362810784493646,0.6921531979889699
45,7.056574106618113,0.571540839919229
45,10.96311345802976,0.0
45,11.518136652165214,0.0
45,12.22540714302948,1.1694733054738808
45,12.667854621586036,0.9926234682411783
45,13.002467035503843,1.5533209388448017
45,13.25620448553394,1.5150644026163176
45,13.672501393892226,2.445115866506722
45,14.274002495133557,2.2712696707036546
45,14.697546661555766,3.05781057759258
45,15.261318342119946,3.4372149377110204
45,15.593661916533645,3.5793669842489635
45,15.668929647643111,3.9027633237202357
45,15.78757126046051,3.9199457745191397
46,1.084742856439983,0.0
46,1.8737987670693665,1.5492183384090974
46,2.6825753605967115,3.130727153720451
46,2.793197303176946,3.5742052982213215
46,3.2751546093298325,5.973593038380175
46,3.30743095276101,11.53348245165254
46,4.258194747349497,11.391657965746194
46,4.670915839089395,12.220843972167337
46,5.233913913094362,14.813997534688472
46,7.918470889201511,12.201451884369845
46,13.049481213711456,7.332066397474889
46,14.063135120373625,7.74359070425537
46,15.279065880536852,8.86283677819058
47,0.8383670397233507,0.0
47,0.9230161214563163,0.24522335172398602
47,1.9460676297448791,0.0
47,2.114488668646707,0.5000314939753414
47,3.0647235576497627,0.21347615390943275
47,4.764222517401982,0.0
47,6.045425883269504,0.0
47,6.105949295655259,0.0
47,6.1980839708560636,0.6619891370215765
47,6.337639276557974,1.0808288326739361
47,7.6415831817865385,0.9994653616987232
47,8.070023351063448,1.2129326443774442
47,8.094492772373481,3.867722543536048
47,9.541757416541758,3.099550739140387
47,10.224200454775463,3.8532973287602217
47,10.588457273291716,7.190726140501932
47,10.816010664247418,7.264141611766218
47,11.247558329015282,8.77166844195332
47,15.148304095477245,7.068231120450614
47,15.542152157699297,6.990039122277815
47,15.658203776359779,7.21532029956843
47,15.662560874044777,7.485145754188755
48,5.584551290195654,0.0
48,5.72835546141241,0.12160034404701481
48,6.355266359882193,0.983612080059153
48,6.832465972651428,1.6969876494532636
48,7.265392919472196,2.756056011921207
48,7.283619710614647,3.535224466693899
48,7.400703552640267,4.2938990717884735
48,7.8147257082315225,5.317231265217615
48,7.936910768949456,6.1188219793597325
48,9.460194915869923,6.747384440989926
48,9.867092772449654,7.164548723811386
48,10.259428397056103,6.927662427749776
48,15.799497262071151,2.222086959282562
49,0.04818356238394923,0.0
49,0.3322817803562674,1.0003578010406646
49,0.36648581775175515,1.6977520112792526
49,0.5000809119372316,3.8345544947936183
49,0.7009366086743904,6.58105923177075
49,0.9372552169913447,7.378140076538826
49,1.168518224019296,7.883021762987292
49,3.9077058266015827,6.419960520658959
49,4.337577868722659,6.254971063000983
49,5.881566516419372,6.462069955907074
49,6.363823899020911,6.3236408640641235
49,7.326491377453126,7.951425497319305
50,0.12957303493245476,0.0
50,0.29918899932627363,0.0024105499115109064
50,1.0710325227711084,0.0
50,1.180432582584715,1.1757790246917763
50,1.7319693782685277,1.1347797833975377
50,3.858749958059712,0.0
50,5.231045120015656,0.0
50,6.407057707682026,0.0
50,6.5707970310956805,0.00973200748733305
50,8.490837461232555,0.0
50,8.769202949710818,0.7424518059046505
50,10.891412152395455,3.137791329817375
50,13.322012218268535,2.4413495355402692
50,15.667653483595485,1.0531893236523777
50,15.937892564464654,2.1375930952274595
51,0.18084569741782974,0.0
51,0.3594086249063647,0.149096812182551
51,1.6880634301966073,0.0
51,1.984307688075738,0.3753200857842711
51,2.8826269377030322,1.520274655170606
51,2.883258494975622,1.9720846667583296
51,4.028375471084836,0.9701510182106323
51,4.22507563154099,1.4904165873687885
51,4.538206722115058,1.321140346631566
51,4.593975092644704,3.1434987318907925
51,4.627292636660111,3.584392567121033
51,5.124015216795187,4.058158920056386
51,9.786626749093111,0.8134100465010228
51,12.064191478868214,1.9918846516532742
51,12.252382809157291,2.0668931605600793
51,14.959771690898993,0.0
51,15.397140279574007,1.3350665199647551
52,0.6564623355240419,0.0
52,0.9846157162742466,0.17765912842553955
52,1.3298850976865535,2.0925360970217337
52,1.870549186646341,2.7675775884699716
52,1.9281004222862288,2.9053365695291475
52,1.9470161848406926,3.131697111234662
52,2.415820855315579,6.238718976603664
52,3.979786322481683,5.953847017499825
52,4.567071002214784,5.7039718282630245
52,5.089711904542403,5.974747300236321
52,5.20995659929229,5.969014704894607
52,10.998450460145671,0.29661061734797145
52,11.334776270057054,0.38433226777002716
52,12.54134338669743,0.0
52,12.925245351089341,0.0
52,13.131781082847542,0.48630026849508745
52,13.841876868230676,0.43744699155591427
52,15.620412956371142,0.0
53,0.008342881591006285,0.0
53,2.672335105889905,0.0
53,2.914837676490496,0.9790390937869011
53,3.241492431962622,1.3874364424772645
53,3.2629378555885,1.5800608650400831
53,3.548509005832961,1.2977557628543757
53,3.613592664905033,1.7879717238468333
53,3.6418521068688094,2.1650453518159543
53,3.673191541124583,2.1385889955820883
53,4.50504728455591,1.7349503644901683
53,4.740911426065228,1.6790584541432088
53,4.902953701255212,2.10040699922113
53,5.86091671383543,1.5543290983063685
53,6.576504392064922,1.568124692579636
53,7.4688827836159835,0.9195495508805787
53,7.569371455656107,1.1662332081780546
53,13.564160920694452,0.0
53,14.602554862000716,0.0
53,14.68910088754812,3.4933889360871593
53,14.885086245262663,4.014676361918195
53,14.935359838583828,4.178733446873378
53,15.212046811182312,5.05705310622046
53,15.806252434383833,4.910966489258453
54,0.35855515605945215,0.0
54,0.45101682964650297,0.45866836821186946
54,0.8378576197494245,3.118305794595014
54,0.8996860928130862,3.4894130053625783
54,1.5166458325296657,2.8906592221120944
54,1.5381587377385944,4.496743486081966
54,1.7529606477781883,5.469166439923411
54,1.7575207375180173,5.914137559546579
54,1.9707429181850051,9.134735828071246
54,5.14648685254069,6.999143557893926
54,5.350756801650153,7.144227711996111
54,5.363526400809946,7.1781581046156155
54,6.921069725747792,6.87191866835593
54,12.291211978139089,2.4510818844622824
54,13.653893367590852,1.4972230001827935
54,15.098825186783808,0.20098695851357665
54,15.251007864129612,0.1536254980367236
55,0.47743463053154905,0.0
55,3.326035279252905,0.0
55,3.502132062213021,0.9951276663668738
55,3.7577309242039316,0.7876160774481681
55,6.652759890042494,0.0
55,7.030466177296237,0.1817220857904438
55,9.09167516159842,0.24633449908233374
55,10.620058066825605,1.2678905998907641
55,13.44760466016558,0.0
55,13.672174691345447,1.3553544743185206
55,13.751092237302212,2.246828673271847
55,15.52457459117166,0.8476127504221178
55,15.655076661592462,4.839110532459507
56,0.4775883586426395,0.0
56,0.6345843680861339,0.0
56,1.052598868866532,0.27306953917526244
56,1.39124757900977,0.7089632628926392
56,1.6243603375783164,2.5159344704150346
56,1.6847720580688215,2.8547934795405148
56,2.0801434932963034,2.929976764131463
56,4.0587502607404256,2.5508492255023114
56,4.651168399752055,3.4106621716617638
56,5.41846993399307,2.7302195691024247
56,7.200599066807309,2.1278276256137865
56,7.4343801585512725,1.9729530811122338
56,7.721350866697319,1.8879800022032969
56,8.620544131425445,1.268479062095837
56,8.854831210767049,1.3652097467299789
56,9.790067098184775,2.5842574338286095
56,10.016367637000348,5.493152534717332
56,10.623877973798647,7.120049959630425
56,10.754375796591736,7.051188911545383
56,11.679905866236746,6.89784490181645
56,12.184493712267761,9.865510451130302
57,0.28513504640320675,0.0
57,0.367937793595232,0.25042994284664494
57,0.386696852727256,0.6830775258731536
57,0.44717316555195213,3.6689272545846934
57,1.079569033526905,4.094928174401026
57,2.6461522681930973,2.8914394210504923
57,2.733191259860181,2.8659948495883403
57,3.630644462738157,2.0146091955011087
57,4.303906561475582,1.836110173989648
57,5.103536178895689,1.3063312920488341
57,5.943946668710243,1.2489602102512387
57,6.534152368290632,0.7251343641982134
57,6.756097378950747,0.7920322701785252
57,7.306744006844961,0.5209613285969856
58,0.36385438030287925,0.0
58,3.0010089969899356,0.0
58,3.0029894499130307,0.0668491471469177
58,3.8149107953666817,0.0
58,6.3256012811307665,0.9397989752383262
58,6.488112715824392,2.4582231050054717
58,7.073035216044127,3.5651305569285645
58,7.346429025821806,3.848838004712567
58,7.563035549136023,3.792837466404598
58,8.506523087596065,3.8751557388884397
58,9.041311082784699,3.5060499127278693
58,9.095067231134983,5.119110030669411
58,11.019917080215363,3.200854445814664
58,13.32043488115684,2.1067435738929294
58,13.738449201650239,2.268863487298707
58,14.054920592402473,2.634109780157426
58,14.523133262721247,2.9153964969356654
58,14.797681235685872,2.9340843467537314
58,15.073446375842803,3.015180153806501
58,15.738528226429693,3.095107544146672
59,0.3841019176188252,0.0
59,1.1718596637264331,0.0
59,1.8336862312754743,0.0
59,2.332520081800969,0.45409356546236035
59,2.814447974662468,0.3500951316919161
59,2.9641295923327537,0.23654354339298836
59,3.4445521155759655,0.0
59,3.647955980551342,0.34835102563537035
59,4.92224041937814,0.7679941267539325
59,5.880640355103062,0.3240007155820779
59,6.269660740698439,0.2099544974176899
59,6.42470572636551,1.8982532262509586
59,6.880831812250804,1.4856352891308355
59,7.54719906577262,2.2037725044945717
59,7.824604534136118,2.341584292252553
59,9.643334893854071,5.2664624033615395
59,10.933858376772353,4.054844442184601
59,12.02049019070403,3.3461751958243635
59,12.108079640722881,3.962211579202183
59,14.375593970216284,2.737285964192728
59,14.441717135094022,2.924519934933968
59,14.488703249142368,2.9042320972333684
59,15.052750138294757,3.7882538805769195
59,15.541378280983109,4.112155686859787
59,15.546627113691498,4.110611249241867
60,0.08782747716979715,0.0
60,0.4111829827300035,0.8279893181229883
60,1.146750697515497,0.6993444259414111
60,4.778640707839603,0.0
60,5.055669875442696,1.475083571122287
60,5.458099742288864,1.5775274944108444
60,5.476448577670835,2.937159453163093
60,5.76225223888447,3.054097802954951
60,6.008428408407677,3.061686145998437
60,6.077504104036376,4.452014806636173
60,7.2329547886150864,4.305474159725365
60,7.485572838538511,4.833089013394454
60,7.486409610444729,5.019342591710333
60,9.28516714489569,3.3579043246588443
60,10.760988463643786,5.293447280308608
60,11.503869204969485,4.819258831942899
60,12.060010545338177,6.111206979170657
60,12.723996997993583,6.293910520635274
60,15.05983213807583,5.615644736397587
60,15.72458951643794,5.957710341835837
60,15.867792505525735,6.518508795340593
61,0.5783729247822831,0.0
61,1.219410672765186,0.047588248296773994
61,1.7061786649170663,0.0
61,1.9253939954893429,0.9583934420299192
61,2.677777928911351,0.22329847571928646
61,2.7466021538587118,1.1856020361173893
61,2.804148059457732,1.8183639965884453
61,2.8855778444484415,1.9725031721611521
61,3.3421809404780998,3.200082517115117
61,3.4514551644987908,3.335780598030612
61,3.869105026141857,3.4039412054184877
61,4.11152367777017,3.4412940880045237
61,5.015924045801601,3.506971540243164
61,7.086244330141674,2.3654759860490358
61,7.366173071796085,2.242642269828211
61,10.5377987282483,0.0
61,11.312137956240635,0.217154064998498
61,12.259610439349398,1.0950347344888005
61,13.435312389852777,0.467322902522989
61,14.586734226883419,0.0
61,15.83177533171957,0.0722977593493539
62,0.8599925304381194,0.0
62,1.2367190276870348,2.3075026039417055
62,3.054627456460322,1.3912561374795755
62,4.054249037834499,1.6450415413203305
62,4.212694868649213,1.5772276484844099
62,5.024345502760884,1.47371883712455
62,5.757555160058814,0.8596079151160648
62,6.40534805700359,0.39016543874536574
62,7.167452721513943,0.6613001562602214
62,7.290671116928128,1.1142604969653558
62,9.867137019869405,0.0
62,10.3808652065316,0.19809735582866317
62,10.785458598562393,0.11592685072079867
62,12.368109681727995,1.3409159648363183
62,14.231788639145384,0.8124740539636388
62,14.31475792258786,2.0111228022010734
63,0.39516029621972326,0.0
63,2.5587750987400977,0.0
63,2.984392527893714,0.0
63,3.058399239456413,0.6073630486533683
63,3.2622313421439797,0.6185906419492078
63,3.3205928167069803,0.653494036793965
63,3.8923428520486403,0.5875108243054646
63,5.011547127072721,5.025879852112609
63,5.133835108419644,5.24029273001801
63,5.7543887850227105,5.721230797264892
63,6.141729129534867,6.189286744069978
63,6.801984954533126,6.155099460324614
63,7.801008732374028,5.203823886208123
63,7.942850637577869,5.163883498656703
63,10.868550002817358,4.547771548611429
63,11.238399270732268,4.254328265913017
63,11.853827037709943,4.8571496688591065
64,0.41317208455265914,0.0
64,0.44554414704079515,2.490553107575511
64,0.46589305061850916,2.990806242589701
64,0.7386853032571764,2.9378367592751022
64,0.9311309691715242,4.015047211424121
64,1.129148137603578,3.91226364980215
64,1.919713775028972,4.258637388190163
64,2.14162719084325,5.406476514788315
64,3.1663983188929348,5.1000732440475325
64,3.675374730506071,6.018284168570068
64,4.599022160790046,5.876042562410756
64,10.270499603925716,0.40433293762798733
64,11.73473122071604,0.030167100959884507
64,12.162325063647671,0.1425774730025573
64,12.431177000418018,0.40540858437670835
64,12.43963247883297,0.4944707821695408
64,14.688946226842415,0.0
64,15.64221667138356,0.0
64,15.715202678783859,0.20726333997332347
64,15.913323195272952,0.27482534228853955
65,0.011833255148592571,0.0
65,0.23259701727728938,0.0
65,1.8249029278288758,0.0
65,2.105554117181276,1.0416516750066402
65,2.2760542759684492,2.31180240877652
65,2.421174022033532,2.9577513468592307
65,2.4558854654405278,3.9099084387662364
65,2.73000497142737,4.605017985663928
65,4.016470357850022,3.3464856102698803
65,4.521244496207195,4.067322167567471
65,4.613725529170701,5.098000046128592
65,4.853396334119584,7.9065942903263045
65,8.32058821781676,5.247686094523054
65,8.89798508074876,4.949641292074804
65,10.020079837876542,4.964775635254478
65,10.087186349153558,6.271374936024008
65,10.72513278407665,6.373073008265801
65,12.299952926385885,8.355590370010669
65,13.419436885011946,7.624404058946145
65,14.425221120934797,7.200647865627049
66,0.05330947539025078,0.0
66,0.4893510535254444,0.4997741476580103
66,1.1106798090843122,0.0
66,1.2684702665506273,0.2006511569640672
66,1.2740168699869932,0.7902595924334829
66,3.815117395251718,0.0
66,3.8922013254964574,0.15410032859170641
66,4.078218491360556,0.9868534222950069
66,4.961372691457129,3.7188517830752232
66,5.083065188772644,4.526081049060579
66,6.0732955664411525,3.6124495253411553
66,7.331466993038718,2.86989968214523
66,7.689012226788621,2.676987073598001
66,8.134071904271096,3.4220294633658694
66,10.01448437408317,2.3195545810785454
66,14.944722353343765,0.0
66,15.315202285635356,0.0
66,15.365049767799157,0.2126611903278821
67,0.7806113750102275,0.0
67,1.7005114938669113,0.0
67,4.5500143531656185,0.0
67,4.610775932620259,0.22805372765308984
67,4.687391337112851,0.6421306215746683
67,4.80824599754366,1.9871804772621626
67,5.505241101566578,2.633671798678602
67,9.07195398122298,1.0120931232461636
67,9.084745543482196,3.9363723302159683
67,9.832733924865396,6.831236163834239
67,11.288805943464121,9.154690494981976
67,11.549645217657929,9.095845957812145
67,11.666991037165019,9.238685128155428
67,12.230778655944494,10.528427144564134
67,12.651528387858727,12.766095361690013
67,13.273171990447521,12.27557323758901
68,0.06856969255472568,0.0
68,2.147095500978799,0.0
68,2.1718650681696547,0.40803177265960056
68,2.943895858407045,0.38258379278045096
68,4.024462609059339,1.7365072635845218
68,4.6082135621664975,1.5452704811743847
68,5.226281025374391,0.9939900712496246
68,10.102926717128797,0.0
68,12.279519265408336,0.0
68,12.31697764402111,0.5493919658567279
68,13.994796921392753,0.0
68,14.568189524644643,2.5762012321506536
68,15.406601841987433,1.7673991115209158
68,15.915586656742262,2.592832372267627
69,1.6244484964776855,0.0
69,1.7360325444792597,1.1106877990362474
69,1.9459176415643102,2.8129977184228485
69,2.1234145079954954,2.7956346637484235
69,2.176601821230686,2.744254958613577
69,4.096851171128229,3.2734629598080267
69,4.242130797035107,6.87823365971692
69,5.26576027083366,6.370811662245922
69,5.618326927404804,8.512284087049256
69,5.753587441644811,11.55912563356126
69,5.820161307982193,11.83630064413722
69,6.359628433823245,12.085886113708552
69,11.056518599356988,7.622575665851037
69,11.46466073380826,7.33197646593564
69,11.884097989497695,8.515072695009362
69,14.18587222089915,6.227816835707939
70,0.662537182774759,0.0
70,0.7674829817212389,0.7595367487122785
70,1.0533399548827154,0.7482546281221256
70,1.193680159677304,1.8112772985055363
70,1.537506491465747,3.7745100271779615
70,1.6400959081071391,3.8745193334880392
70,2.779148136090633,3.2741088894031103
70,3.3570708647942475,3.304178520884466
70,3.4128585208299733,3.2742334701414726
70,3.513222831403295,3.685720015817654
70,4.582547312960596,4.171650523703806
70,6.023108873027917,5.366312938861651
70,6.413037539020444,5.409529568399391
70,7.466418809863619,6.358891412781608
70,9.30661749687652,5.276619758088673
70,14.173786312645055,1.0635819933721646
70,14.603251883942734,1.5813286042247254
70,15.300290412639756,1.7590785600260337
71,1.027952580935794,0.0
71,1.827397463625542,0.43721837825923515
71,2.8848488548721214,0.0
71,5.482542659214333,0.0
71,5.620279903718325,1.5304014094583156
71,7.828749013683268,0.8448498266682769
71,10.59763648986769,0.0
71,12.474179712884442,0.0
71,13.082554070975213,0.6034083225494236
71,13.456310168489239,1.279871256439187
71,13.900887284071436,2.269208748118828
71,14.458657726572838,2.132290403149251
71,14.507931518414004,2.6720260462189604
71,14.683687408928426,2.5295194017748384
71,14.790472341055251,3.801796477212097
71,15.129158688869763,4.8994637827485885
71,15.160697493649169,5.8815812415537945
72,0.08472146140625629,0.0
72,0.13632994201030907,0.12493581562542982
72,0.5384880120482469,0.6482318615586893
72,1.1811097267196287,1.3316340036089005
72,1.2079598631738484,2.1911816384876905
72,2.0591294428054026,4.112675105848448
72,3.8315257860638217,3.073807118294316
72,4.13615549898087,3.0875436659114612
72,5.4095266319127715,2.2951111633090706
72,6.263961347599951,1.8013824506537899
72,6.484932600647927,1.7995147753636924
72,11.712465629555464,0.0
72,12.050482160633925,2.0623137821400004
72,12.793802386293418,3.2620159525188974
72,12.909444844098932,5.443264977427308
72,13.413742338920736,5.401905267063325
72,13.512168714536108,5.434960693047932
72,14.171843768903292,5.710230907850841
72,14.688729588127506,6.838456224588321
72,15.130062605142754,6.43666036405847
73,0.04062066046539582,0.0
73,0.15126804222163703,0.3515380300100204
73,0.3831336046193369,1.4248032284133054
73,0.993490618592853,1.5952827810648769
73,1.3167685882830806,1.6696652360323474
73,1.5364830826883515,2.4512088210317104
73,1.622363054563833,2.633321060889682
73,1.6696929544437933,3.0518518864571993
73,1.773940947368866,4.300092261542014
73,1.8972521845783235,4.333427521008084
73,3.9841463136638757,4.381513803725358
73,4.280593176617797,5.275238869044779
73,4.634420429614115,5.070932615029221
73,6.4866776123953525,3.349883451217015
73,7.4344872991179844,3.0088265246618375
73,8.372932864795871,2.3432220619073685
73,8.779082944169927,2.338902188173707
73,8.915967337387134,3.8320388848724365
73,11.340792515794924,2.6574680813841063
73,11.85103827197594,2.9555110251389336
73,13.118762505142396,2.835463056813117
73,13.601089223926916,2.38195546890398
73,13.696325048203384,3.888571737857141
73,14.660734311009742,4.127490520598
73,14.959821563647452,7.619864516533511
73,15.335585196094359,8.50343722344953
73,15.54054083168773,10.561174382732494
73,15.992138831685384,10.364331926153836
74,0.36982790993516723,0.0
74,0.41100992325621327,0.18866464310728365
74,1.113324896130164,0.0
74,1.39621615439723,2.198772612972566
74,1.5514749547495585,2.0777193460527026
74,2.2836037931415776,2.476781489154109
74,3.1502152241260584,1.6744155691431881
74,3.3119060145864743,1.8530663863121277
74,3.4721433293985706,2.2203526967929506
74,3.6251099940736857,3.0922755226432943
74,3.908167774929127,5.046986225735426
74,4.117928587919026,4.96278306963071
74,5.684006671924817,3.4456466789319733
74,5.8860639558637775,4.421170994195899
74,6.079469075829513,5.4488228226545905
74,6.2959116588055375,5.476840782398617
74,7.367176164600909,6.734107693331748
74,9.240376032573074,6.381838282639094
74,9.647498640755165,6.353875078198782
74,11.750015919122637,4.355745059462186
74,12.113312526329121,5.11940649154259
74,12.617224472176618,4.805973198103828
74,12.678005644274354,5.369474562787479
74,14.277340486557195,4.14916072194263
74,15.771058612004252,3.4782556779318283
75,2.080358895195122,0.0
75,2.6097150635503694,1.6816889579888188
75,2.825201482409034,1.8788294428033887
75,2.9952544571379676,2.5893756893361157
75,3.0196931962028,3.2295991422849317
75,3.919504064137179,2.704305018221614
75,4.06031083699404,6.9809002266336675
75,4.3550317610857565,7.580449884921221
75,4.361529720749017,7.705879285964037
75,4.936471338986779,7.310092352542134
75,5.945198158462881,7.603088477169681
75,7.788149912348338,5.868974003101691
75,9.35337359323026,4.782452568081402
75,15.215205959362716,0.0
75,15.539443564113705,0.41973911918460693
76,0.06910679880025883,0.0
76,0.4920340380350881,0.10622979485890521
76,1.1104521921761008,0.28629610746319445
76,1.7075060288815054,0.055550147522790194
76,3.5638438154494994,0.0
76,3.686438117188257,0.0
76,5.233888288617862,0.0
76,5.775961300713269,1.075325031216149
76,5.7952437765194444,2.888690897011049
76,8.674983643004188,0.037332110038412664
76,9.306683544322238,0.0
76,11.660617727221005,0.0
76,12.475781410189551,2.312173844947239
76,12.871865473713912,4.677327750735671
76,13.328216294068499,4.663540863834866
76,13.580505254219243,4.411573009561096
76,14.035392609519269,4.5972265523176254
76,14.162622162653157,5.5829002284070395
76,14.968821373042871,5.693163145184085
77,0.6157637657583345,0.0
77,1.0235752305744705,3.6227022126028174
77,1.2494616391535192,3.551485099965894
77,1.5413398952689252,5.246489449822924
77,1.985704519334063,4.975977714934903
77,3.4245467042047917,5.072422383898347
77,4.285246912855257,4.725112231114922
77,4.936947352685606,4.772133822761875
77,7.091821854335077,3.404673560030277
77,8.058128393588241,4.104361949263371
77,12.896209163392374,1.7278473650693797
77,12.992027106917323,3.9352272981746172
77,14.80571320427605,3.3523654271189858
77,14.993539339716264,3.6993780107407703
77,15.352881385441806,4.567220940025124
77,15.47646674155016,4.816349201743549
77,15.500338969033812,5.624955788829651
77,15.518331087027242,5.672260677690366
78,0.2638316972732003,0.0
78,0.9481182033329785,1.2158457597932801
78,1.4356032428762897,2.5868288900903664
78,2.20048127999813,4.848839162174551
78,2.2467599650372083,5.1282346037838495
78,2.7244262318270636,4.931576555405188
78,3.981677524350017,4.912979075834289
78,5.60697817926326,8.717766078017517
78,6.3716306638749245,9.718091331075009
78,6.962664350704436,9.312880567995954
78,8.23881508004294,9.005273403681533
78,14.893058407036742,2.910989280060716
79,0.19256721717562678,0.0
79,0.8191576295535794,0.009787454222134007
79,1.055487740602043,0.058079940353156445
79,1.9891163844228195,0.0
79,2.989134668434526,3.2608355979774593
79,3.1245386127679295,7.292810336314796
79,4.422471064223336,6.838758151067635
79,4.692232894928183,6.845211558348211
79,5.212281586917595,6.540000841118376
79,5.232729203708643,6.581453443514819
79,6.94697359831436,6.3849826455727605
79,8.11488692023703,6.62317466969444
79,10.422958036448103,5.429944653683844
79,12.066715669196377,4.226737482228351
80,0.3937769049684695,0.0
80,0.4950704420750179,1.448988863547618
80,2.121352664316354,0.8304251958668902
80,2.1894728451662964,0.7657648686515947
80,2.5981046882718792,2.085126700494371
80,2.8774679363990314,2.4405551560064103
80,3.3672983158321843,2.1984580724148297
80,3.3754583367412985,2.46273557189181
80,4.870494925762144,1.9905772857544268
80,5.148168230167968,2.685890145889354
80,5.2016280431294755,2.8601210623843256
80,5.6650517176046264,2.4671377387624767
80,5.957508055013098,3.815277357537366
80,6.069471081382026,4.109504549446073
80,6.22950501941987,4.778199681319993
80,7.363972413709442,7.506933424703818
80,9.895889948886753,5.753269027945929
80,10.048173683247299,6.906249692323511
80,11.237095650416473,6.509322170156602
80,11.960304055482089,6.2752477931695765
80,14.8370017298164,4.33760618948726
80,15.680691030131852,5.409617418005319
80,15.831206949394403,5.401511214460856
80,15.863416225718824,5.914017711897656
81,1.0221293566557943,0.0
81,1.0414826272128779,0.09439804172970656
81,1.0621198840048314,0.28292389979437405
81,1.2378324914581296,1.1957452838295446
81,1.78305956749818,0.9051442053754821
81,3.14875021735544,0.7414537058576967
81,3.174614721001205,2.7507667296426783
81,3.4267324317985604,2.6400843427190948
81,3.7644456327699016,3.278854031100554
81,3.9390725190954643,6.755586484200993
81,4.070923020526795,7.054962508256078
81,4.276561381767001,11.444756833069649
81,4.391626342209999,11.629479435215245
81,7.475913677214744,9.481716043332469
81,9.53120500738801,7.553915879621457
81,9.982093989008595,9.682028902788401
81,11.07931137220684,8.676454787071252
81,11.984414596058599,9.159602769655525
82,0.7198034841891691,0.0
82,1.796448065742783,0.0
82,2.1703540925752423,0.7303034000084425
82,2.958306165286888,0.7504448379914428
82,3.32725321862795,0.6366418154273352
82,3.527283723073255,1.1754918227964157
82,3.7054479664610285,1.648207967930301
82,4.109496125079481,1.7811773824592585
82,4.7745793931138305,2.6457136680057007
82,6.4006377189292145,1.6657785692175584
82,6.409201803936295,5.1674514157208105
82,7.281860914408558,5.052882710865578
82,8.2110634289992,5.552308692574471
82,8.84204787399237,6.221178137322583
82,11.05194179997717,5.903802584679814
82,12.159289275595894,5.660647121989949
82,12.216285067945725,5.607403561846109
82,12.798947491126071,5.715352831170923
82,12.945863699948756,5.6741260031013825
83,0.17747777142208204,0.0
83,0.3871873255719509,1.066630942813813
83,0.3872292055805911,2.6428026242851326
83,0.892984166441178,3.829917796840105
83,1.0176760990737705,5.8137212615536855
83,1.3150147806828953,5.830654407244383
83,1.6035433133399264,7.399844493722302
83,2.907756768287615,7.232056942632779
83,2.9252412264061185,9.903283677310155
83,3.7783448944055804,10.649196892633938
83,5.41326923896246,9.181858168711237
83,6.9356981453186055,8.215095012430364
83,7.364345218899208,8.091470106789007
83,9.076894872200807,6.991363845365385
83,13.944924006998859,3.0319512206013544
83,13.983756421488318,3.7068921301624065
84,0.7233627314989917,0.0
84,2.3746165351272204,0.0
84,2.675339929386065,1.8536366864339966
84,3.1335371186080145,2.866800649938825
84,3.9476118498295456,2.087215532307015
84,4.203461101933804,2.280058638525971
84,5.189642518952982,2.3132016299084466
84,5.609156241297952,2.9761405590170815
84,5.933936947043348,3.5205859392821046
84,6.520234364916723,3.305929438279499
85,0.050508247579859805,0.0
85,0.6481573009912911,1.130972484464078
85,0.7229863942421885,1.0690964627674773
85,1.0709086416586504,0.9705490409229243
85,1.1215443760944035,1.9684609868632437
85,2.039675075590805,1.2228257375853553
85,2.8619514528371974,0.7519934892098029
85,3.133859792382168,1.6973845385297945
85,3.9725556591926843,0.8605233339632128
85,4.258937759030291,1.0765837597620318
85,4.395487328236536,1.0099464355600039
85,4.654381231651325,1.7003618551951243
85,5.198894648274306,2.404789675742063
85,5.433593128399782,3.367950667452394
85,6.099189501344881,4.085793655707931
85,6.1213433530693395,6.085718199576202
85,6.186534513891833,6.731282110006097
85,9.176615278599332,5.425451700602109
85,11.570866537039226,3.9791632510887576
85,12.455896881327774,3.427119111678968
85,13.438200328494565,3.271235043538208
85,13.449468012921116,6.397983972802587
85,15.490065977433126,5.753122408338876
85,15.77770914039357,7.758460464175634
85,15.880669156842439,7.776097767263177
86,0.7280933945914985,0.0
86,0.7985155820851526,1.2215058466990385
86,1.0359267530887977,1.8181045547579329
86,2.7811940071963885,0.28648565269598725
86,2.8868197261225537,0.2882188713325199
86,3.3722337409295458,1.0450650057975768
86,3.614733803887067,1.7597790454023798
86,5.285226670830951,0.21972625790717723
86,9.965407164382292,0.0
86,10.407706045003614,0.24447898727096273
86,11.094201336768117,0.0
86,11.43922467720462,0.9887484438537992
86,11.837158467628663,0.8997085301400156
86,12.356377054349718,1.5108199404690648
86,12.450725250589805,1.579030756741137
86,12.778466524739088,2.2489720901657027
86,13.178443434509512,2.315040117979593
86,15.013313648896126,2.089630340765342
86,15.445616919421063,2.6105536893885755
86,15.658912968091482,4.221142902011343
87,0.3466161017354589,0.0
87,0.42050812780749725,0.0031477658050236834
87,0.9641519030962248,0.19705122317007573
87,1.063025575624378,0.8918325419172125
87,1.1473335586102902,1.0215821375566794
87,1.2645475239667312,1.1408905642888811
87,1.5532978149139107,1.07588601136189
87,1.6472737426886261,1.6883017338459456
87,2.4437015075432598,1.3255792570644789
87,2.5647775752261475,1.4950742469017233
87,2.7366845450511255,2.121123888159034
87,3.164658991087319,1.8224742121271453
87,3.5800971593867277,2.044992814962059
87,3.7249270526336966,2.532190022846433
87,4.158474538442068,6.266482830828203
87,4.376363912051402,7.6574238406112265
87,4.739216272435677,7.463496872378913
87,5.041587862695867,7.8977119799693565
87,5.59948297334205,8.24245219003199
87,10.510760081331053,3.7757436397136193
87,10.541166602458793,4.416858607336664
87,10.681818727521362,7.812708912525557
87,12.063287132849837,8.426366516717893
87,12.431355553743172,8.186347928283823
87,13.858955037504412,7.360098259585637
87,14.229329509996376,9.495693415310766
87,14.5164545794604,10.621611886956796
87,15.770056396260829,9.768651379313095
88,0.22152437169999148,0.0
88,0.5738178350677032,0.12826479067112684
88,1.1496524892663234,1.7870935576119205
88,1.5668024281086939,2.8301376582870854
88,1.6807828455537706,3.6907394297596303
88,1.6999617305902033,4.272712174835453
88,2.8602531350384455,4.319983224098836
88,3.5154667561864685,4.815131766279144
88,4.112238115855997,5.523001584226931
88,4.429572466565569,6.068684082565149
88,5.560624247762672,5.287104635809012
88,5.628704182698899,6.303491246537017
88,7.885533561617747,4.997721438477793
88,9.064670922561403,4.142573323145539
88,14.354020117207394,0.0
88,14.509438191615537,0.0
88,14.535389481331224,0.3614063810406982
88,15.096067597749766,0.05492198263801917
88,15.15561848725094,0.6625006431363136
88,15.28779675952165,4.360297471372249
89,0.25411794089238654,0.0
89,0.5924834781244966,0.889045516063946
89,1.0170195146259187,3.3712596776835335
89,2.5639012754768613,2.0275777044017254
89,2.7891489623517614,2.9076705430275416
89,2.79856736419105,5.010979344211244
89,3.334625694453486,6.138952795953431
89,4.359694204750607,5.1711029699416065
89,4.544346216079842,5.080661945232118
89,5.0519993613993766,6.525580447472247
89,5.913175724145258,5.784601977524379
89,10.898933417230456,1.0601885038477334
89,11.012057170346361,1.2773935580344375
89,11.538599403760248,0.9389817750662561
89,13.692450860141154,0.0
90,1.2583274939842253,0.0
90,1.646370644652933,1.8191909828514188
90,1.8889006395343133,1.7071581616327356
90,2.7253413081343987,1.257696305027273
90,2.9504436953053874,2.0432188703285528
90,3.031468177279083,2.1815680800414383
90,4.1206352213725275,1.2503032551252329
90,4.181262761431012,2.550176102029376
90,4.391982338285423,2.647063530453628
90,5.158553233273351,2.350361023641795
90,5.5686754427598935,3.114118295269447
90,5.774251583578937,3.6146359895196554
90,6.849852158049026,3.011341360572524
90,6.955784392548146,11.377776568346583
90,7.158369706054533,12.51929281225885
90,7.781718509750896,11.956298998141019
90,8.046855887885984,14.4907889604058
90,12.80847527892336,10.99295085358749
90,12.887346848563745,12.03831710647739
90,13.258496968541644,12.325852109495706
91,3.1784523131021345,0.0
91,3.2221272714476115,0.9226019309167688
91,3.3953530172761655,0.7677566244660052
91,3.593298560265055,0.5976685566011244
91,3.8396676826836793,1.989476804178185
91,3.907389019494232,2.067071454598862
91,5.020844397883208,3.5216767935962245
91,5.786453392637326,3.866380232602177
91,5.869777600121201,4.546754464519239
91,6.162311893059438,5.046863547861986
91,8.443524841939723,3.6228324064216313
91,9.142856026591701,3.062460322839758
91,9.27883579753612,3.077242386601484
91,9.80203620515024,4.496284355475155
91,14.386559125618696,0.13914156205224337
91,14.387340869534174,0.7314840201889669
91,14.404534911171208,1.6806668595947345
91,15.001515111067992,1.3811111725170664
92,0.1395897956536982,0.0
92,1.132423788040714,1.7074196317062846
92,1.2882310455728687,1.9580485714805933
92,1.7932683839744437,1.6471384967003408
92,2.146363836499219,1.352559748179523
92,2.500658199741281,1.2407633933014504
92,4.130595083928542,1.4890678953031982
92,4.179661520948324,1.5659023199759559
92,4.213146622663427,1.8897248247326242
92,4.498045200986138,4.376799321151177
92,5.492966180576645,3.6661428113289904
92,5.850893997747679,4.448389034243868
92,7.332926587132227,3.6315391127280714
92,8.873546929638128,2.1575082548998314
92,9.992769845860469,1.7759981414064927
92,14.920482705717523,0.0
92,14.987126495223496,1.6853118150970303
92,15.205779482281672,1.7829042575880347
92,15.472878170267187,2.9957233247117645
92,15.880554646271785,4.014906313913302
93,0.8303783261126446,0.0
93,0.9997248349706395,0.0
93,1.9092398141176214,0.9577753532003916
93,3.076564258403867,1.8416932221162035
93,4.300406142975687,1.3947276354774816
93,7.495614720571798,0.0
93,7.59947291682039,0.0
93,7.660444700604093,1.172326008705869
93,8.056910337136335,1.1831885272808642
93,8.406010643797972,3.8320546657342134
93,9.81035409802811,4.30457193543908
93,10.546378602614503,4.024525631362637
93,14.147962189911627,0.6135704594901862
94,0.48177947307395286,0.0
94,0.8681370123119675,0.6463947495271324
94,2.4164768277631117,0.0
94,3.712110848037248,0.0
94,3.8401042729117085,0.5103654061547038
94,5.783453699938935,0.0
94,7.6475676893900975,0.0
94,8.489116805311921,0.06128923695052357
94,8.77311154499448,0.10673206544146652
94,8.993829136461407,0.035076131254678344
94,11.51520295210774,0.0
94,11.807584132007563,0.2715689494296232
94,15.922905220911362,0.0
95,0.8042807769248441,0.0
95,1.2127922453450015,0.08061165436152296
95,1.6213572703895411,0.3727413254261496
95,2.866743174802546,0.0
95,3.1116074965898073,2.051109086597245
95,3.9642361067772622,1.2661886478230164
95,4.447775064849334,0.8833260996461146
95,5.121025836259343,1.4220957987501905
95,5.897227531622867,2.0875291850252116
95,6.053440683597063,6.579635075929791
95,6.278674952218063,6.538029582460648
95,6.750717103801946,10.307667724116829
95,9.353805196991253,8.149027149934708
95,9.557280926364347,9.292326722226615
95,11.809783172471414,8.797177548680043
95,12.315154695049,8.974305956005377
95,13.295800479757446,8.293805725202859
95,14.949463073667113,6.766159771300523
96,0.20657025974896184,0.0
96,0.2783461752846915,1.1590909481054417
96,0.6960617442514354,2.412045396329784
96,0.7897078109024435,4.03789658926953
96,0.8863573493847253,4.9100217806316415
96,1.762169598297933,4.19747865926465
96,1.879922403623593,4.33936521028699
96,2.646424838609731,3.6705300031072334
96,3.7521045136760653,3.0837235329596084
96,5.78647707509281,1.3974655370025553
96,7.404362930222065,0.21622937344628124
96,8.228883324510548,0.0
96,8.82133101000053,0.3332589412769984
96,10.708912614382472,0.0
96,11.95816189647391,0.0
96,12.958722179608744,1.9393725072950065
96,15.77057074232202,0.9054079692704509
97,0.5910298451830468,0.0
97,1.156275958778875,0.0
97,2.069053369065648,0.0
97,3.343103254432569,0.988582272913145
97,3.549420893398731,1.452633715455506
97,4.259265235738452,0.8015154294621666
97,6.234729677878596,0.0
97,13.324214215411986,0.0
97,14.266674219260933,0.0
97,14.445235649845955,1.7374078792454384
97,14.608057976116182,2.3921315518749084
97,15.829620328009666,2.5392346784434148
98,0.8908028062218553,0.0
98,1.4755053107823013,0.0
98,1.592453104888527,1.8382850401838695
98,2.153273083680088,1.3656319363007812
98,2.3631270527403756,1.53491861622168
98,2.677410039828597,2.967502216804941
98,2.9716361785423704,3.5088994292495994
98,3.383768939847066,4.143638526692828
98,3.7239281590713085,6.143714200488056
98,4.420757648945092,5.643753698975651
98,5.311563774827391,6.0159148326301395
98,5.515671592185902,5.95997237110847
98,6.960061241850698,5.0271238636122275
98,8.658636151700195,4.102076702794514
98,8.732269859461129,4.176494941476505
98,15.561514825558321,0.0
98,15.836723628769105,2.025350161315915
98,15.967867755086106,2.6631627641040847
99,0.0588038921577976,0.0
99,0.22832685991024507,3.8682483023919136
99,0.30676168358238093,5.120463382312377
99,0.418388876777559,5.179384028123398
99,0.6510922813641798,4.996985525635846
99,1.0601841641633292,6.0469665707676405
99,1.0627230491150597,6.066156791895891
99,1.3275891132034596,7.242962138948086
99,5.081717698280327,4.514190236902972
99,5.501684058246122,4.3361474409478875
99,6.097714391203748,4.062155906576051
99,7.52035374383913,4.124053055756821
99,11.089975639604589,2.0445106066704444
99,11.47297334089171,1.8435509575662314
99,14.660221584792032,0.590787653208551
99,14.850386402858271,0.7462396664473847
99,15.94723787986011,0.2361311729614517
100,2.3415275856308666,0.0
100,2.392941359033356,0.835962603132586
100,2.6237602617695974,1.0302105861707607
100,2.8696900215345136,0.811904270899318
100,2.989888987557778,0.8306855741502851
100,3.758937834194133,0.49243457273579927
100,7.9276259590139375,0.0
100,7.936993222074415,0.8721348886199181
100,8.477486513778985,0.7503384015571469
100,8.83972634781069,0.5677267377548042
100,8.997938620707318,1.3740267213525175
100,10.305541811505194,0.31497795271558204
100,10.527807130979077,0.7248333744584313
100,11.277229283464054,1.1764050285186176
100,12.180243497702154,1.108492042452479
100,13.29704744023543,1.364938808793303
100,13.891046320649291,1.690359911558915
100,14.360544261543632,3.2708370275867154
100,14.528981496551859,3.8593520807971164
100,15.377588476699882,3.168613028515698
100,15.770946625063273,3.650549590048576
